facility_id,location,cleanliness_score,odor_score,waste_level,water_availability,footfall,complaints,inspection_date
F001,Nagpur,8,2,Low,Yes,450,5,2026-01-05
F002,Pune,6,4,Medium,Yes,620,12,2026-01-08
F003,Mumbai,9,1,Low,Yes,850,4,2026-01-10
F004,Nashik,7,3,Medium,Yes,520,8,2026-01-15
F005,Amravati,5,6,High,No,380,18,2026-01-20
F006,Nagpur,8,2,Low,Yes,490,6,2026-01-25
F007,Pune,7,4,Medium,Yes,680,14,2026-02-02
F008,Mumbai,9,2,Low,Yes,920,5,2026-02-07
F009,Nashik,6,5,High,No,410,20,2026-02-12
F010,Amravati,7,3,Medium,Yes,360,10,2026-02-18
F011,Nagpur,9,1,Low,Yes,530,4,2026-02-22
F012,Pune,6,5,High,No,710,22,2026-02-28
F013,Mumbai,8,2,Low,Yes,880,7,2026-03-04
F014,Nashik,7,3,Medium,Yes,560,9,2026-03-10
F015,Amravati,5,7,High,No,395,24,2026-03-15
F016,Nagpur,8,2,Low,Yes,510,5,2026-03-20
F017,Pune,7,4,Medium,Yes,650,13,2026-03-25
F018,Mumbai,9,1,Low,Yes,950,3,2026-04-01
F019,Nashik,6,6,High,No,430,21,2026-04-06
F020,Amravati,7,3,Medium,Yes,370,11,2026-04-12
F021,Nagpur,8,2,Low,Yes,550,6,2026-04-18
F022,Pune,6,5,High,No,730,19,2026-04-24
F023,Mumbai,9,1,Low,Yes,980,4,2026-05-01
F024,Nashik,7,4,Medium,Yes,590,10,2026-05-07
F025,Amravati,5,7,High,No,400,26,2026-05-13
F026,Nagpur,8,2,Low,Yes,570,7,2026-05-19
F027,Pune,7,4,Medium,Yes,690,15,2026-05-25
F028,Mumbai,8,2,Low,Yes,900,6,2026-06-01
F029,Nashik,6,6,High,No,450,23,2026-06-07
F030,Amravati,7,3,Medium,Yes,390,12,2026-06-13
F031,Nagpur,9,1,Low,Yes,600,4,2026-06-19
F032,Pune,6,5,High,No,750,20,2026-06-25
F033,Mumbai,9,1,Low,Yes,1000,3,2026-07-01
F034,Nashik,7,4,Medium,Yes,610,11,2026-07-07
F035,Amravati,5,7,High,No,420,25,2026-07-13
F036,Nagpur,8,2,Low,Yes,620,5,2026-07-19
F037,Pune,7,4,Medium,Yes,720,16,2026-07-25
F038,Mumbai,8,2,Low,Yes,970,5,2026-08-01
F039,Nashik,6,6,High,No,470,22,2026-08-07
F040,Amravati,7,3,Medium,Yes,410,13,2026-08-13
F041,Nagpur,8,2,Low,Yes,640,6,2026-08-19
F042,Pune,6,5,High,No,780,21,2026-08-25
F043,Mumbai,9,1,Low,Yes,1050,4,2026-09-01
F044,Nashik,7,4,Medium,Yes,630,12,2026-09-07
F045,Amravati,5,7,High,No,440,27,2026-09-13
F046,Nagpur,8,2,Low,Yes,660,7,2026-09-19
F047,Pune,7,4,Medium,Yes,800,17,2026-09-25
F048,Mumbai,9,1,Low,Yes,1100,5,2026-10-01
F049,Nashik,6,6,High,No,490,24,2026-10-04
F050,Amravati,7,3,Medium,Yes,430,14,2026-10-06
F051,Nagpur,8,2,Low,Yes,680,6,2026-10-07
F052,Pune,6,5,High,No,820,22,2026-10-07
F053,Mumbai,9,1,Low,Yes,1150,4,2026-10-07
F054,Nashik,7,4,Medium,Yes,650,13,2026-10-07
F055,Amravati,5,7,High,No,460,28,2026-10-07
F056,Nagpur,8,2,Low,Yes,700,7,2026-10-07
F057,Pune,7,4,Medium,Yes,840,18,2026-10-07
F058,Mumbai,9,1,Low,Yes,1200,5,2026-10-07
F059,Nashik,6,6,High,No,510,25,2026-10-07
F060,Amravati,7,3,Medium,Yes,480,15,2026-10-07
F061,Nagpur,,2,Low,Yes,720,8,2026-10-07
F062,Pune,7,,Medium,Yes,860,19,2026-10-07
F063,Mumbai,9,1,Low,,1250,6,2026-10-07
F064,Nashik,7,4,Medium,Yes,,14,2026-10-07
F065,Amravati,5,7,High,No,500,,2026-10-07
F066,Nagpur,8,2,Low,Yes,720,8,2026-10-07
F066,Nagpur,8,2,Low,Yes,720,8,2026-10-07
F067,Pune,12,4,Medium,Yes,880,20,2026-10-07
F068,Mumbai,9,-2,Low,Yes,1300,7,2026-10-07
F069,Nashik,7,4,Medium,Maybe,670,15,2026-10-07
F070,Amravati,5,7,High,No,-100,30,2026-10-07
F071,Nagpur,8,2,Low,Yes,5000,150,2026-10-07
F072,Pune,7,4,Medium,Yes,900,21,2026-10-07
F073,Mumbai,9,1,Low,Yes,1350,5,2026-10-07
F074,Nashik,6,6,High,No,530,26,2026-10-07
F075,Amravati,7,3,Medium,Yes,500,16,2026-10-07