cleanliness_score,odor_score,waste_level,complaints,footfall,hours_since_cleaning,hygiene_risk
9,1,1,0,120,1,0
8,2,2,1,150,2,0
7,2,2,1,180,3,0
10,1,1,0,100,1,0
8,3,2,1,200,3,0
9,2,1,0,130,2,0
7,3,3,2,220,4,0
8,2,2,0,170,2,0
9,1,1,0,90,1,0
7,2,2,1,190,3,0
8,3,2,1,210,4,0
6,3,3,2,230,5,0
9,1,2,0,140,2,0
8,2,1,1,160,2,0
7,3,2,1,200,4,0
10,1,1,0,80,1,0
8,2,3,1,240,4,0
7,2,2,1,180,3,0
9,1,1,0,110,1,0
6,4,3,2,250,5,0
8,3,2,1,190,3,0
7,3,3,2,220,4,0
9,2,2,0,150,2,0
8,2,1,0,130,2,0
7,4,3,2,260,5,0
9,1,1,0,100,1,0
6,3,3,2,240,5,0
8,3,2,1,200,3,0
7,2,2,1,170,3,0
9,2,1,0,120,2,0
5,7,6,5,300,9,1
4,8,7,6,350,12,1
3,9,8,8,400,15,1
2,10,9,10,450,20,1
5,7,7,5,320,10,1
4,9,8,7,380,14,1
3,8,9,9,420,18,1
6,6,6,4,290,8,1
4,8,7,7,360,13,1
2,9,9,10,500,22,1
5,7,6,6,340,11,1
3,9,8,8,410,17,1
4,8,9,7,390,15,1
5,6,7,5,310,10,1
3,10,9,9,460,19,1
4,7,8,6,370,13,1
2,9,8,10,480,21,1
5,8,7,5,330,12,1
3,9,9,9,440,18,1
4,8,8,7,400,16,1
6,6,6,4,280,9,1
5,7,8,6,350,13,1
3,8,9,8,430,17,1
4,9,7,7,380,14,1
2,10,9,10,490,23,1
5,6,7,5,320,11,1
4,8,8,6,360,15,1
3,9,8,9,420,19,1
5,7,7,5,340,12,1
2,9,9,10,470,22,1
6,5,6,4,290,9,1
4,7,8,7,390,16,1
3,8,9,8,410,18,1
5,6,7,6,330,13,1
2,10,9,9,500,24,1
4,9,8,7,380,15,1
3,9,9,10,450,20,1
5,7,6,5,310,11,1
6,6,7,4,300,10,1
4,8,8,8,400,17,1
3,10,9,9,460,21,1
5,8,7,6,350,14,1
2,9,9,10,480,23,1
4,7,8,7,370,16,1
3,8,9,9,430,19,1
5,6,7,5,320,12,1
6,7,6,4,300,10,1
4,9,8,8,390,17,1
3,9,9,9,440,20,1
5,7,7,6,340,13,1
2,10,9,10,500,24,1
4,8,8,7,380,16,1
3,9,8,9,420,18,1
5,6,7,5,330,11,1
6,7,6,4,290,9,1
4,8,9,8,400,17,1
3,10,9,10,470,22,1
5,7,8,6,350,14,1
2,9,9,10,490,23,1
4,8,8,7,390,16,1
3,9,9,9,450,20,1
5,7,7,5,320,12,1
6,6,6,4,300,10,1
4,9,8,8,410,18,1
3,8,9,9,440,19,1
5,7,8,6,360,14,1
2,10,9,10,500,24,1